id,feature,label
1,0.6452996606750131,1
2,0.3417893366985387,1
3,0.516848346290365,0
4,0.03534591987869762,1
5,0.8151743954045213,0
