id,feature,label
1,0.6983221782895085,1
2,0.32980167305290675,0
3,0.6844666539741088,1
4,0.7226633287745925,1
5,0.2657503409717463,0
