id,feature,label
1,0.9774977166866671,1
2,0.5864336499900551,1
3,0.16840932169675815,1
4,0.5451034301909072,0
5,0.37245291317475093,1
