id,feature,label
1,0.06618445548368646,1
2,0.5899540697123695,1
3,0.8329563634904237,0
4,0.43087516742733367,0
5,0.8338864435895146,0
