id,feature,label
1,0.5656679201194249,1
2,0.4978955168492041,0
3,0.5585667334599691,1
4,0.3545592689054421,0
5,0.17661371580634633,0
