id,feature,label
1,0.903354302213306,1
2,0.5631698706887243,1
3,0.9094812094674741,0
4,0.921383440710822,0
5,0.34403074341830875,0
