id,feature,label
1,0.4297467609867134,0
2,0.47710823654327006,0
3,0.39953167001260637,0
4,0.5895447375759164,0
5,0.6111330136769924,0
