id,feature,label
1,0.8571099570815626,0
2,0.8981215057903631,0
3,0.22275574659344455,1
4,0.5778042210302873,1
5,0.694346902226948,0
