id,feature,label
1,0.3485887049112155,1
2,0.5280707492622679,1
3,0.3939485925287549,0
4,0.5074953832542516,0
5,0.18833106169489322,1
