id,feature,label
1,0.7595809348339689,0
2,0.7491745952422041,1
3,0.7957635043475337,1
4,0.3826900158461273,1
5,0.18143148383403207,0
